Vehicle_ID,Price_USD,Units_Sold_2024,Warranty_Years
1,111203.94,19726,3
2,127131.65,3349,3
3,94347.37,6300,5
4,75615.15,2339,5
5,141046.94,1051,4
6,89907.75,8609,5
7,35653.97,12504,5
8,94436.44,8630,5
9,90919.55,18,5
10,58904.59,17455,3
11,141469.62,16959,4
12,30862.9,7798,4
13,86756.75,15303,5
14,43112.28,2470,4
15,141164.04,5394,4
16,144878.12,18978,5
17,90939.42,3928,5
18,54511.1,10360,3
19,45894.79,9912,5
20,46114.93,11235,3
21,80829.09,5294,5
22,130151.4,11724,3
23,119937.31,10885,4
24,133031.19,7304,3
25,91128.68,19024,4
26,148108.3,17036,5
27,109606.5,18166,3
28,66113.98,10559,4
29,64054.37,4828,3
30,105571.85,13931,3
31,126169.99,16540,4
32,130783.55,9362,3
33,113273.98,2040,3
34,143129,7226,4
35,130860.68,14044,3
36,121347.56,635,5
37,143953.41,7142,4
38,49651.9,12997,5
39,66189.92,12142,3
40,73462.56,8850,5
41,59459.42,12418,4
42,135638.4,13317,4
43,56591.57,13942,5
44,116554.12,9060,5
45,31697.8,16085,3
46,60297.41,1756,3
47,124888.9,10006,5
48,61757.54,14762,5
49,84483.76,13930,3
50,49910.73,9964,5
51,118144.07,19238,3
52,108181.14,15401,4
53,89456.28,8270,4
54,52509.9,8750,5
55,103064.6,3717,4
56,87899.95,4473,3
57,65826.7,11309,4
58,58027.49,12651,5
59,134902.84,5058,3
60,132280.96,17728,3
61,82076.58,10629,3
62,125102.34,16307,5
63,85830.39,13903,5
64,75763.72,12969,4
65,138352.19,4481,5
66,40816.01,17394,5
67,70645.83,13022,5
68,119881.39,15449,3
69,66262.82,3805,3
70,117191.9,12141,3
71,147341.1,3003,5
72,45110.87,7634,4
73,125821.66,10609,3
74,87149.52,1420,5
75,131675.83,19932,3
76,101687.02,18066,5
77,117553.5,2199,3
78,100375.81,1685,4
79,56909.38,14061,5
80,62792.45,13132,3
81,48889.11,5158,5
82,79702.05,19435,4
83,66170.32,14111,3
84,133411.72,14066,5
85,143713.72,13121,5
86,105986.96,4839,3
87,122741.77,10590,5
88,100970.37,12082,4
89,127177.91,3391,4
90,92888.23,19591,3
91,116848.04,10165,5
92,107219.19,13874,5
93,88352.51,17253,3
94,113141.48,14555,5
95,53281.94,17283,4
96,96544.89,16821,3
97,77574.48,3246,5
98,46655.12,7066,3
99,80379.07,538,5
100,79988.11,16633,5
101,72851.27,10895,3
102,87423.74,6605,3
103,95163.68,10876,4
104,52418.07,13910,3
105,66779.5,11552,5
106,126131.52,1140,3
107,111487.45,10301,5
108,44131.32,6559,3
109,127261.59,5161,5
110,89282.63,2825,3
111,68043.32,19260,3
112,66494.95,2584,4
113,50236.31,1349,3
114,79990.41,15825,3
115,88110.14,13065,3
116,83951.52,8135,3
117,91766.98,7049,5
118,30981.29,11991,3
119,90510.66,12907,4
120,35436.4,4580,4
121,90877.8,10854,5
122,61863.65,12458,3
123,82924.63,2040,5
124,67650.31,8662,5
125,114588.11,8960,4
126,64515.64,6621,5
127,110380.08,3294,5
128,135677.69,18813,3
129,77639.35,18610,5
130,46103.99,8430,5
131,132737.58,4607,4
132,66233.5,3873,4
133,106645.36,19848,4
134,101497.74,18486,3
135,92440.98,14858,3
136,77513.85,2089,5
137,147399.99,12309,3
138,94471.02,15171,5
139,63077.97,7886,3
140,35308.41,18877,4
141,92550.13,13998,5
142,78991.1,4730,4
143,54400.41,1688,4
144,134336.86,3844,5
145,96249.52,16803,4
146,79671.62,13683,4
147,108552.96,15100,3
148,95056.42,13513,3
149,104140.23,18076,4
150,127578.87,4879,3
151,145115.74,1038,3
152,39922.33,17306,3
153,63644.76,19235,3
154,131933.09,2569,5
155,122280.68,16076,3
156,104233.91,5055,5
157,121361.58,13370,3
158,31480.87,18741,5
159,50064.89,16246,5
160,104423.06,4460,4
161,113394.93,11960,3
162,85394.67,13406,5
163,124689.21,13706,5
164,108912.2,13094,4
165,76936.1,3425,4
166,84639.92,10450,3
167,49722.49,7597,4
168,135971.68,2050,5
169,88738.08,15003,5
170,66645.6,12573,4
171,88757.04,15879,3
172,130787.02,1071,4
173,43585.32,14462,5
174,149917.52,6877,5
175,127623.58,9589,4
176,124282.93,10554,3
177,75020.68,14899,4
178,125481.35,11067,5
179,105141.54,22,4
180,73252.25,7672,4
181,92333.31,4331,4
182,135718.68,17383,5
183,48164.9,19319,5
184,59780.04,9884,3
185,125253.36,395,4
186,50732.44,1981,4
187,39891.34,6658,3
188,82498.33,19950,3
189,144361.94,8806,5
190,147006.07,5468,4
191,91058.99,1158,5
192,39346.45,13137,3
193,64991.41,6403,5
194,106313.02,10076,3
195,41163.2,3131,5
196,45684.99,14835,4
197,49725,10102,4
198,132788.79,9792,4
199,42228.88,4283,3
200,61058.48,4220,3
201,81978.77,6132,4
202,89866.99,17229,3
203,97878.13,1919,4
204,61983.24,11626,3
205,33384.79,17764,4
206,87358.68,1951,3
207,143030.79,14315,5
208,100674.02,18770,4
209,42493.23,2907,5
210,72057.74,13566,4
211,38845.13,5574,4
212,81758.8,6225,4
213,95959.52,19667,4
214,43861.07,6058,4
215,130449.45,11265,5
216,112448.15,1137,5
217,83884.77,14266,3
218,96763.7,19253,5
219,97522.05,15911,5
220,136748.91,662,4
221,57354.89,2925,3
222,91832.36,18634,3
223,73245.01,1001,3
224,71971.19,1626,3
225,91593.75,7332,4
226,56185.09,12262,5
227,106871.37,1860,5
228,61131.15,11244,5
229,131450.31,18318,3
230,136421.23,19122,5
231,79572.87,14993,3
232,30565.62,4240,5
233,53929.71,8153,3
234,128861.26,4384,4
235,56918.56,1224,4
236,32369.01,5017,3
237,114087.16,16309,3
238,65442.14,89,3
239,123543.15,8654,4
240,67524.85,4534,5
241,41154.16,15671,4
242,139347.21,944,5
243,37600.33,18895,5
244,117198.24,1788,3
245,88997.76,13214,3
246,44244.82,2978,5
247,73601.1,11904,5
248,106039.34,5379,4
249,132263.32,1523,5
250,30520.52,5806,5
251,76159.52,4527,4
252,142261.45,4347,5
253,97473.63,9369,4
254,53988.29,9671,3
255,97352.47,12699,4
256,123710.99,17911,5
257,50855.42,19136,4
258,101625.64,2388,5
259,94444.31,7158,5
260,71520.87,12496,3
261,91048.27,5485,5
262,80905.13,2363,5
263,51359.06,12715,4
264,106970.73,16476,3
265,128654.68,9665,5
266,31338.02,17941,3
267,56494.56,17984,4
268,88462.85,2287,3
269,73739.21,14290,4
270,122972.04,9195,3
271,131950.47,18074,4
272,100752.09,11923,5
273,46844.48,15843,4
274,54812.89,10619,3
275,73835.61,11563,4
276,39250.59,7547,4
277,107671.11,16798,3
278,97632.56,5589,3
279,112270.94,6630,5
280,93771.59,39,5
281,126276.02,3201,4
282,135211.96,17122,3
283,42789.99,13023,3
284,99318.14,5301,3
285,145748.43,8620,3
286,92520.67,14384,3
287,110882.93,11571,5
288,95951.12,19869,3
289,90380.3,8196,5
290,85061.81,7221,5
291,61601.96,5848,4
292,53959.98,11666,3
293,121709.31,9002,4
294,80781.1,3944,5
295,42089.74,11242,4
296,78071.11,8845,3
297,31169.07,10345,4
298,37204.37,11828,4
299,107983.86,14645,3
300,141428,10383,5
301,142652.38,4097,5
302,135442.92,3405,4
303,118511.19,11692,4
304,113714.75,17152,5
305,73894,11268,4
306,121904.3,14323,4
307,105038.76,8808,4
308,62656.1,6092,3
309,31766.98,10821,3
310,137483.88,14514,3
311,111773.08,4002,4
312,58315.9,7965,3
313,89990.3,17575,3
314,82646.27,15902,5
315,68841.71,17404,3
316,135951.88,17660,4
317,106908.47,1024,3
318,93098.56,6839,5
319,125309.95,7074,5
320,143700.4,15031,5
321,108903.83,12180,4
322,55671.38,6,5
323,148127.33,18142,5
324,136755.04,2529,5
325,66047.19,13648,3
326,92926,12873,4
327,47761.49,13058,5
328,53531.92,18874,3
329,32904.82,4778,4
330,36544.56,9998,4
331,120042.62,19103,5
332,108570.94,3535,3
333,88159.46,704,3
334,72229.57,8443,4
335,40535.4,7876,5
336,46629.18,14092,3
337,130742.7,8971,3
338,103483.44,4393,5
339,49654.37,6646,3
340,136510.43,12915,5
341,59486.6,1615,3
342,80695.46,16405,3
343,137594.1,5373,5
344,114873.49,10983,5
345,67142.2,115,5
346,89216.02,19664,3
347,47790.74,9779,4
348,112981.63,1174,3
349,131197.16,13558,5
350,112638.51,11595,3
351,57926.6,6793,5
352,54142.46,3730,5
353,53281.87,4448,4
354,36722.67,18920,5
355,105181.3,10305,5
356,144087.21,6622,3
357,140836.41,4348,3
358,141880.48,17058,5
359,53105.48,8966,3
360,62526.25,17713,4
361,40334.35,11653,4
362,41149.94,15418,3
363,109821.67,15113,3
364,125610.93,7817,5
365,82242.44,18815,4
366,78695.24,2014,3
367,109305.77,10374,4
368,99927.24,17985,3
369,58228.94,17862,3
370,48512.07,15948,5
371,113446.86,11642,3
372,62310.05,19014,4
373,39388.15,17668,5
374,86307.89,19583,5
375,65010.39,9104,4
376,139215.78,7739,4
377,120331.36,11307,3
378,119538.07,17381,4
379,93755.2,3220,4
380,111326.18,13475,3
381,34085.01,19640,5
382,113478.44,13991,5
383,69918.57,6575,5
384,107200.58,14610,3
385,114006.62,14288,4
386,94236.49,2970,4
387,51194.2,11772,4
388,37559.12,11117,3
389,134424,4639,4
390,45664.53,2095,3
391,127382.52,1493,5
392,74391.28,12325,3
393,101247.66,8878,5
394,103445.98,3135,5
395,53246.28,1770,5
396,118850.03,14575,5
397,43215.94,2409,4
398,74818.21,18634,3
399,56382.43,18112,3
400,63500.51,19391,3
401,77318.42,13324,3
402,66580.39,4542,5
403,38483.83,17774,5
404,139200.49,12007,3
405,43626.92,10500,4
406,88347.23,14810,5
407,137753.5,4931,3
408,80415.6,11006,4
409,98070.2,1550,3
410,51043.12,14447,4
411,47753.31,16364,3
412,65466.82,3680,5
413,130905.23,17250,3
414,144914.84,11831,4
415,147302.84,9457,3
416,66387.74,216,4
417,129874.05,15186,3
418,109909.62,9083,4
419,87124.89,19059,3
420,73339.61,16838,3
421,134693.18,19006,4
422,140508.89,17224,5
423,87542.19,11208,3
424,47083.12,3660,3
425,139023.52,6730,5
426,71740.39,18944,3
427,41842.29,3516,3
428,67713.63,1330,3
429,130930.82,15586,5
430,109025.79,5528,3
431,80964.5,13114,4
432,84556.17,1731,3
433,104787.91,9619,5
434,33791.82,1076,3
435,43125.84,5121,5
436,64132.5,19135,3
437,36773.91,9991,3
438,138169.18,12789,4
439,127374.86,2468,5
440,104948.67,17401,4
441,65989.08,17942,3
442,106551.16,17113,3
443,79231.23,8403,5
444,129267.46,5221,4
445,35067.88,19713,4
446,116908.13,19019,5
447,100119.15,14400,4
448,80853.76,690,5
449,76162.83,12729,3
450,133130.01,2624,4
451,128428.96,17947,5
452,124922.32,5171,3
453,68327.9,6509,3
454,32756.41,5529,3
455,98069.15,6656,3
456,102009.93,942,4
457,86265.79,8396,3
458,142718.63,9912,4
459,90449.61,8532,3
460,141148.45,10339,5
461,47834.5,3801,4
462,116371.68,16670,4
463,98494.54,9315,5
464,48453.06,19470,5
465,149978.53,10589,3
466,145805.92,9336,5
467,140603.98,6549,4
468,127319.32,7347,5
469,82482.66,17140,4
470,79562.33,16496,3
471,135210.64,11184,3
472,32149.83,19722,5
473,40516.22,6856,4
474,122366.54,14590,4
475,30944.91,9528,3
476,37284.56,15510,3
477,86308.85,15350,3
478,125970.61,15823,3
479,89247.01,5197,3
480,44482.56,8765,3
481,120691.72,3454,3
482,121435.76,14388,4
483,40228.06,13818,3
484,91938.64,16952,3
485,121103.09,17032,4
486,30948.27,17839,5
487,135716.96,17054,5
488,49203.28,16556,3
489,108115.49,19057,5
490,92360,3210,3
491,83539.69,19146,4
492,47321.54,3868,5
493,44251.93,5023,3
494,100754.91,4008,5
495,123761.92,14715,3
496,138029.33,2900,3
497,44853.79,17096,3
498,62995.5,10499,4
499,32886.83,5510,4
500,37069.65,4668,4
501,101640.55,10431,4
502,32234.74,9981,5
503,148237.05,32,4
504,60106.67,1490,3
505,149858.55,8564,5
506,101941.64,313,5
507,124476.63,19703,4
508,56582.49,9934,5
509,148111.62,18080,3
510,45389.57,8989,3
511,81253.74,3988,5
512,140206.98,18737,3
513,37541.29,10954,4
514,92361.01,14629,5
515,37440.27,1828,5
516,101949.1,3318,4
517,101421.01,8397,4
518,67400.02,4830,4
519,90852.94,6594,3
520,97931.63,16250,3
521,118150.34,11888,3
522,100282.37,7174,4
523,131145.77,11088,3
524,147252.22,6214,3
525,121569.88,9177,3
526,76573.9,17218,5
527,137386.16,12258,4
528,34937.15,10388,4
529,39890.22,3224,3
530,119425.36,17797,4
531,120936.73,6877,4
532,143031.57,10012,5
533,120315.14,5036,4
534,54504.55,9982,3
535,53879.85,1882,4
536,43289.27,4257,3
537,90297,19819,3
538,64549.41,13600,3
539,143482.48,7119,4
540,49780.69,15135,4
541,46377.67,14343,3
542,44898.17,14439,4
543,130380.14,10103,4
544,74957.36,6296,5
545,35281.5,17750,4
546,108479.13,12090,3
547,124951.17,12732,5
548,109964.47,7616,5
549,118549.59,4969,4
550,69442.78,9452,3
551,113553.37,2117,4
552,50841.1,6472,3
553,54168.12,15424,4
554,81287.67,15192,4
555,86311.02,16103,4
556,34659.23,11422,5
557,118279.7,925,5
558,102257.92,13030,5
559,60344.55,13487,5
560,55143.07,3174,3
561,74958.17,6965,3
562,139556.57,11211,3
563,120215.84,12309,5
564,111823.2,11666,4
565,44747.34,15571,5
566,73224.67,2666,4
567,53409.23,9874,5
568,58908.19,957,3
569,110472.15,10905,3
570,124209.83,2920,4
571,99230.02,10474,4
572,94595.15,14935,3
573,67066.97,16220,4
574,142131.95,5216,3
575,93341.33,4289,4
576,99258.89,299,4
577,81253.33,3845,5
578,44256.31,2936,4
579,43995.32,15712,4
580,45028.37,12903,5
581,54895.65,14654,4
582,132174.01,13862,5
583,83390.43,17636,5
584,65965.11,4210,5
585,39990.49,8827,5
586,48418.97,3604,5
587,47559.56,3440,3
588,133847.8,5920,4
589,47120.42,8162,5
590,63098.76,13320,4
591,40150.21,4470,4
592,114311.01,19962,3
593,74046.11,3710,4
594,65225.4,16892,3
595,72467.13,14116,4
596,30829.25,17577,4
597,30697.23,10853,3
598,89468.11,4306,3
599,129580.29,14055,3
600,149310.85,16460,5
601,34603.97,13346,5
602,66514.8,5955,3
603,102782.62,447,5
604,63113.63,3943,3
605,104281.24,6281,4
606,38125.02,4224,4
607,93896.38,19897,4
608,124877.63,8798,5
609,143045.52,17517,3
610,114655.41,341,4
611,112573.85,7229,4
612,57806.78,5770,3
613,128099.9,13189,3
614,31626.25,19648,3
615,87651.05,17810,5
616,42307.93,13996,4
617,115782.14,11708,3
618,102540.77,9881,5
619,141945.82,12799,4
620,68766.41,13564,5
621,95920.71,13822,5
622,132071.41,11447,4
623,129338.62,863,5
624,101271.08,18650,4
625,116706.89,5687,5
626,129542.19,17088,4
627,119519.49,13274,4
628,73524.2,6943,5
629,40204.72,10308,3
630,76876.96,3309,5
631,48184.54,4615,5
632,142816.94,16302,3
633,84576.94,5871,5
634,46853.67,4226,4
635,61539.29,18376,3
636,134899.07,3575,3
637,71090.83,17861,3
638,127024.03,13858,4
639,134853.11,3029,4
640,112659.66,19566,3
641,137580.13,17062,5
642,119484.9,6263,5
643,134130.98,13954,5
644,101387.02,3251,3
645,119993.24,9499,4
646,72073.64,12276,3
647,30498.91,19659,4
648,107332.12,5692,4
649,105772.93,10564,3
650,114909.11,11734,3
651,109110.92,3635,4
652,89309.41,2500,3
653,51576.77,11233,4
654,53141.43,3761,3
655,87788.98,14288,5
656,42347.35,13885,5
657,72349.86,9616,5
658,81526.42,4007,3
659,97396.87,19919,5
660,53778.05,19707,4
661,64123.9,533,3
662,96774.02,3978,4
663,68743.08,17614,3
664,39005.06,19118,4
665,110188.23,15817,3
666,118232.19,7082,4
667,67419.05,12634,4
668,144179.35,543,4
669,141231.33,1741,4
670,52733.96,1634,5
671,93855.81,7205,5
672,64559.11,15622,5
673,84625.96,5594,5
674,59701.25,17212,5
675,118177.8,11554,4
676,112294.1,11704,4
677,40712.88,17265,3
678,63149.66,14910,5
679,48027.33,510,4
680,81638.74,18374,3
681,33856.4,8560,4
682,46701.16,9743,5
683,93188.57,15287,4
684,46870.27,9612,3
685,40159.09,10856,3
686,137406.28,6576,3
687,42432.84,6030,3
688,106343.66,17913,3
689,63021.76,18488,4
690,138847.01,16404,5
691,116305.09,12908,3
692,68889.19,5215,3
693,127026.66,13764,3
694,74918.65,18801,5
695,49450.75,3152,3
696,111883.34,11681,5
697,45263.09,17712,4
698,134576.8,10231,4
699,148192.07,4564,3
700,143759.71,2640,5
701,108040.44,6428,5
702,121881.78,12049,4
703,57255.11,2510,3
704,45565.95,6745,4
705,65122.01,1769,4
706,96355.88,14868,3
707,40139.2,7354,3
708,121559.56,7095,3
709,96395.3,17003,4
710,63684.02,18713,4
711,98212.93,1212,4
712,103239.42,4168,3
713,34620.21,1992,5
714,35367.97,7765,3
715,69184.87,1020,3
716,55377.56,7040,4
717,145035.02,3972,5
718,53402.83,7565,4
719,72238.15,7528,5
720,125502.71,18874,4
721,121861.15,5470,3
722,113631.44,19947,5
723,105699.84,19318,5
724,82630.44,18485,5
725,120876.03,17011,4
726,88396.29,9130,3
727,34769.4,6656,4
728,115950.11,4483,4
729,69253.89,10315,3
730,105274.21,15876,3
731,132858.82,5836,3
732,108832.92,12851,5
733,83660.75,11389,5
734,33475.51,10407,4
735,56273.78,6756,5
736,40830.33,6896,4
737,49368.5,656,5
738,122689.4,4298,5
739,119118.24,19847,4
740,41961.51,18382,4
741,144174.89,7605,4
742,147098.09,13211,5
743,67374.59,8786,5
744,115064.18,2539,4
745,134369.9,4583,5
746,135627.14,17145,5
747,69621.26,13641,3
748,94527.78,18322,3
749,66690.04,19419,3
750,100478.05,15512,3
751,87055.68,13939,5
752,76263.58,19837,3
753,60064.68,11982,4
754,51480.67,10170,4
755,62994.17,1875,5
756,134992.42,5019,5
757,106497.38,546,4
758,142865.42,4833,5
759,79110.18,2821,5
760,100937.82,8084,4
761,114709.68,8939,3
762,73633.58,12637,3
763,113958.46,7151,4
764,100418.49,11759,3
765,72960.54,18873,5
766,87906.91,3534,4
767,136391.43,1762,3
768,54048.78,8019,3
769,112414.37,3139,4
770,117644.65,881,3
771,120202.14,3042,4
772,145021.53,11347,5
773,45448.74,13843,3
774,123720.42,17423,4
775,127540.21,15081,4
776,32823.64,1167,5
777,41348.71,7998,5
778,103122.42,9895,4
779,82012.23,1600,4
780,110572.76,6787,3
781,56978.97,19264,4
782,68357.14,12781,4
783,71435.9,968,3
784,64066.52,4046,3
785,148125.93,11900,5
786,85669.67,10946,4
787,79235.26,19646,5
788,144221.53,5288,4
789,65157.83,5795,4
790,116645.55,12626,3
791,129330.46,16762,5
792,99577.44,15813,3
793,120837.67,9020,5
794,115656.38,5060,5
795,33360.56,16935,4
796,75357.45,2121,4
797,72780.18,7483,5
798,62576.83,8390,5
799,61891.6,4343,5
800,94432.04,2732,4
801,99805.63,16,4
802,91704.03,16484,4
803,146922.53,14522,4
804,66646.06,5065,4
805,91975.96,9948,4
806,81035.75,13395,4
807,116000.72,18349,5
808,49250.15,12781,5
809,36733.75,2424,4
810,97420.37,9549,5
811,73347.55,11868,4
812,107068.83,16785,4
813,70050.31,2874,5
814,85885.82,17292,5
815,57027.59,14999,5
816,47794.06,4172,5
817,49594.67,14406,3
818,83617.49,16603,5
819,73006.84,16670,3
820,143487.81,12769,4
821,31112.87,19536,3
822,142354.99,6687,4
823,136658.45,17209,3
824,43489.27,23,4
825,110211.83,4672,3
826,60080.48,8740,3
827,125972.57,5304,4
828,128038.74,3860,5
829,126838.62,8613,3
830,147010.55,10060,4
831,111668.92,18444,5
832,42016.57,13894,3
833,86160.5,6840,5
834,121751.15,8145,4
835,47089.01,19609,4
836,135627.23,15287,4
837,117811.12,13817,3
838,69459.56,7954,5
839,130489.44,3230,5
840,116194.68,1221,4
841,143513.97,11750,5
842,148917.08,5637,4
843,66700.22,6624,4
844,145117,18365,4
845,40865.07,4359,4
846,34892.74,7175,3
847,32492.87,13511,3
848,114809.51,17706,4
849,99475.02,7465,5
850,89655.95,1885,4
851,143682.14,12984,3
852,125809.96,222,5
853,93572.64,5938,3
854,143883.59,10197,4
855,72144.08,19862,3
856,76170.42,16325,3
857,98878.2,17615,3
858,89718.13,12741,4
859,78514.16,19370,3
860,107183.82,13969,4
861,103159.59,1364,3
862,118710.85,1718,5
863,143995.72,510,3
864,139829.4,5109,3
865,115220.69,335,4
866,31251.56,7306,3
867,69285.43,9386,4
868,96570,3650,3
869,103838.5,6895,5
870,72014.07,6028,5
871,59493.13,2134,4
872,47218.38,12698,5
873,139297.37,16074,5
874,135533.32,5253,4
875,135576.6,13799,4
876,109844.81,11908,4
877,95139.44,18077,3
878,76316.48,13168,5
879,88402.2,2809,3
880,48072.35,15567,4
881,48242.03,15386,5
882,34725.4,14448,5
883,148537.84,3636,5
884,148028.51,6292,5
885,114061.79,15010,5
886,32305.46,12292,4
887,96285.92,10440,5
888,37795.1,11178,5
889,69708.08,2659,3
890,39529.43,6096,4
891,61591.39,6129,4
892,90798.53,8246,4
893,128124.42,19272,4
894,127315.84,7474,5
895,131577.79,13749,3
896,31674.02,15475,3
897,132457.76,15969,5
898,46977.34,5197,4
899,70931.67,8064,3
900,96599.49,7501,5
901,135687.38,8716,3
902,123331.11,18411,3
903,107500.99,17154,5
904,54508.8,15235,3
905,62826.25,555,3
906,105466.84,9270,4
907,141233.85,11806,4
908,92961.52,5212,3
909,131147.18,4511,5
910,64756.73,7520,5
911,129484.4,8704,5
912,69246.97,19771,5
913,119137.61,7023,5
914,136125.65,6761,4
915,87621.07,3514,3
916,98173.31,12216,3
917,61527.08,15614,3
918,114345.21,979,3
919,145131.47,8911,3
920,114353.63,12035,4
921,94892.04,9582,3
922,60384.04,5383,3
923,98843.11,16429,5
924,112081.28,12942,5
925,107268.27,10045,3
926,52920.79,2196,4
927,74989.91,16100,3
928,122374.49,12450,3
929,115873.02,10579,4
930,111029.12,12719,5
931,84207.11,5072,3
932,35264.96,14570,5
933,74001.08,17808,3
934,40469.15,3965,3
935,87345.57,9841,3
936,109909.34,15741,3
937,106007.59,15652,5
938,129357.08,6311,5
939,45279.16,19627,5
940,114536.92,11189,4
941,134539.09,4497,4
942,62185.4,18547,3
943,101731.26,11845,5
944,116729.11,16284,4
945,47560.79,2180,3
946,80459.18,14325,4
947,38433.6,13869,3
948,58881.63,4971,3
949,103955.6,4081,3
950,63536.48,14619,3
951,76137.06,16106,4
952,102786.47,13238,3
953,75533.29,716,4
954,40735.31,5522,3
955,139901.99,14847,3
956,49995.46,5765,4
957,39245.7,12089,5
958,50615.35,4422,3
959,63513.25,1385,3
960,77402.03,19841,5
961,34370,12318,4
962,106614.44,8011,3
963,54563.09,9680,4
964,65274.12,2220,4
965,115332.6,14691,4
966,100274.54,18558,5
967,121453.05,9925,3
968,98182.42,2165,3
969,71128.46,10833,5
970,123395.53,9849,4
971,47756.64,17767,5
972,104766.98,13573,4
973,77561.36,11013,3
974,118491.62,4977,3
975,140170.03,3275,3
976,137646.74,2348,5
977,113993.13,5334,5
978,141659.65,1205,3
979,38813.06,4017,5
980,108741.8,8263,4
981,127893.74,8211,4
982,89442.92,11820,5
983,69902.15,6444,4
984,120692.83,15548,4
985,66033.9,140,5
986,145036.49,10033,5
987,132628.07,14073,3
988,65078,9462,4
989,37917.87,17517,4
990,41043.61,2831,3
991,140965.67,3393,5
992,119728.12,12087,3
993,142070.41,4393,3
994,149536.28,10389,3
995,149808.37,17398,4
996,69330.46,3715,3
997,39460.66,17987,5
998,34888.49,19277,3
999,100902.46,3403,5
1000,128661.08,18897,5
1001,76612.94,9426,4
1002,78665.4,8152,3
1003,45955.45,450,4
1004,69013.39,4781,3
1005,143897.16,1952,5
1006,63519.37,7350,4
1007,56467.88,16701,5
1008,108995.26,7904,4
1009,147294.21,18610,4
1010,126551.18,11694,3
1011,72825.68,2499,3
1012,149514.73,7029,3
1013,63649.31,3064,4
1014,112679.6,7089,4
1015,113565.49,18733,3
1016,53502.73,4407,3
1017,81818.7,12272,3
1018,55414.22,17047,5
1019,80986.36,6431,4
1020,45213.47,12930,5
1021,58857.95,2738,4
1022,35282.23,16972,3
1023,68621.09,793,5
1024,52850.64,19820,3
1025,61296.49,16093,5
1026,86264.93,8561,3
1027,78622,12109,5
1028,96305.2,18293,4
1029,37285.41,17343,5
1030,86837.01,13097,4
1031,92606.82,4276,4
1032,134813.3,9522,3
1033,145106.21,9522,5
1034,74204.62,19991,5
1035,64965.15,10324,5
1036,101982.62,7900,5
1037,34705.34,16274,4
1038,52179.46,3670,5
1039,106420.01,100,5
1040,39150.23,17669,4
1041,120782.54,16575,3
1042,142053.35,12020,5
1043,119250.86,1381,3
1044,121528.34,5751,3
1045,43052.84,17186,4
1046,148217.63,17321,3
1047,110043.09,2124,4
1048,101742.04,9712,5
1049,106413.24,10144,5
1050,46955.07,15498,3
1051,50869.75,19739,4
1052,147712.4,18555,5
1053,121572.63,12396,4
1054,129673.7,8255,3
1055,62628.17,16839,4
1056,39006.81,1570,3
1057,68567.13,13472,5
1058,82877.95,13212,4
1059,89051.29,2188,4
1060,84463.97,11296,4
1061,137893.67,13824,3
1062,52846.46,5527,5
1063,41341.95,13053,4
1064,50438.18,16107,5
1065,95535.01,7590,5
1066,57468.99,14047,4
1067,78610.16,17715,3
1068,77202.81,8680,4
1069,98474.19,19353,5
1070,134169.32,7530,5
1071,65776.47,2752,4
1072,82968.67,17670,5
1073,37617.73,18828,4
1074,119971.74,7781,4
1075,76818.53,4090,3
1076,51906.72,9639,3
1077,129637,8543,3
1078,143402.93,7283,4
1079,76946.32,10629,3
1080,53299.14,2441,3
1081,62296.05,9622,4
1082,136331.87,10397,3
1083,122371.13,19389,5
1084,73318.39,18265,4
1085,83973.56,11052,5
1086,125592.29,2719,5
1087,126194.58,3792,4
1088,106010.14,17196,5
1089,132041.04,13542,3
1090,64549.59,4381,3
1091,104888.14,5247,3
1092,114740,8530,5
1093,143056.53,14862,4
1094,145242.07,7119,5
1095,135787.05,9935,3
1096,59342.54,16026,5
1097,32347.24,3816,3
1098,49450.75,3686,3
1099,33369.41,1778,5
1100,142767.23,12196,5
1101,140705.69,2687,5
1102,134640.79,19230,5
1103,128789.9,3045,5
1104,48888.55,2924,3
1105,116600.48,8148,3
1106,94337.82,4903,4
1107,46873.35,12306,3
1108,118317.99,19118,4
1109,80863.45,6947,3
1110,73418.71,2015,4
1111,45177.93,248,3
1112,78664.8,2126,4
1113,50697.9,14227,3
1114,33197.45,16023,3
1115,47775.86,16658,3
1116,146253.04,13127,3
1117,93374.68,3948,5
1118,48790.14,2586,4
1119,36909.71,817,3
1120,60277.99,18445,5
1121,50654.47,16282,4
1122,100838.06,13463,4
1123,61940.89,19365,5
1124,81694.44,5620,3
1125,109252.82,12103,5
1126,117714.81,17911,4
1127,136012.96,12248,4
1128,68423.78,9815,5
1129,100851.59,12848,5
1130,44149.68,18082,5
1131,75286.42,1480,5
1132,81516.99,18377,4
1133,78795.71,8713,5
1134,61023.79,722,5
1135,120802.63,13349,3
1136,59835.04,718,3
1137,108034.29,15867,5
1138,144771.13,2608,4
1139,104705.7,8158,5
1140,112642.7,3625,3
1141,59567.58,2027,3
1142,147103.71,1828,4
1143,65845.61,8977,5
1144,31722.61,956,5
1145,59102,6039,4
1146,36443.89,14808,4
1147,76817.22,16494,4
1148,100657.19,18934,5
1149,79025.84,1752,3
1150,71486.31,5531,4
1151,135437.99,12039,4
1152,143335.72,2780,4
1153,33684.61,15556,4
1154,76442.98,19951,3
1155,31417.84,9391,5
1156,81299.7,19751,5
1157,101490.77,12648,5
1158,121720.1,3429,4
1159,148379.48,7418,5
1160,43527.55,6884,3
1161,44535.19,2065,5
1162,105765.49,17948,3
1163,116940.71,16722,3
1164,67119.6,14976,4
1165,100599.16,12777,4
1166,40385.01,13068,5
1167,97403.74,18594,5
1168,94792.27,15902,5
1169,131267.15,2850,3
1170,66327.08,15105,4
1171,46556.37,18069,3
1172,51243.14,1749,5
1173,74741.81,4139,4
1174,56346.88,9124,4
1175,40675.13,4464,4
1176,37909.33,3806,5
1177,108832.47,14437,3
1178,101237.81,2838,5
1179,46901.91,11292,3
1180,125163.78,6986,5
1181,109678.54,11794,4
1182,78675.79,7177,5
1183,57342.18,14598,4
1184,73706.65,1114,5
1185,109929.89,16630,4
1186,36478.01,10326,4
1187,51868.91,1663,3
1188,71642.94,9257,3
1189,35942.1,1577,3
1190,137671.49,1494,5
1191,148858.28,12248,5
1192,145650.49,1926,3
1193,90114.46,10051,5
1194,131767.95,2388,4
1195,85125.42,4897,3
1196,33833.8,17727,5
1197,77109.85,10947,5
1198,118433.6,13732,5
1199,52384.63,3753,3
1200,81773.89,17184,3
1201,122736.31,19285,4
1202,92011.68,19787,3
1203,126444.7,4525,3
1204,94398.55,2905,4
1205,146872.57,427,3
1206,45744.07,6355,3
1207,77504.75,15060,4
1208,108211.35,9782,4
1209,124218.98,12684,4
1210,31679.05,15089,3
1211,37253.35,14138,4
1212,71254.79,4413,4
1213,140356.22,3323,5
1214,141636.62,12460,4
1215,145488.68,17420,3
1216,114768.7,15299,5
1217,143128.97,15472,4
1218,138713.37,18765,4
1219,68771.58,443,4
1220,76176.72,19120,3
1221,55618.92,3416,5
1222,128634.2,18251,4
1223,51146.18,3684,4
1224,79310.66,13117,5
1225,107484.66,12041,4
1226,37885.51,9867,3
1227,105305.58,11333,4
1228,52378.44,11542,5
1229,103913.83,7276,4
1230,86345.09,16313,3
1231,88967.06,7283,5
1232,131017.74,14503,4
1233,140357.12,18357,5
1234,72448.68,1615,4
1235,112040.9,7507,5
1236,76244.01,15516,5
1237,68210.45,8770,3
1238,110463.03,11722,3
1239,48995.49,2942,3
1240,104436.5,15550,3
1241,148210.8,11112,5
1242,130879.21,3004,5
1243,44962.71,15934,4
1244,115315.97,14262,4
1245,40683.23,10833,3
1246,100663.6,3601,5
1247,35945.44,17334,3
1248,103689.78,9230,4
1249,143051.48,3975,4
1250,84106.85,18394,3
1251,87243.36,8834,3
1252,112952.63,11394,3
1253,45079.31,12501,3
1254,123454.22,12832,3
1255,81629.29,11812,5
1256,56738.67,5163,5
1257,61814.78,13621,5
1258,137662.37,2938,5
1259,34504.78,1537,3
1260,120467,305,3
1261,31195.3,4025,5
1262,87406.57,9109,5
1263,96735.43,1529,3
1264,116123.92,13552,4
1265,112918.06,8641,3
1266,111316.59,19167,5
1267,116964.85,6104,3
1268,71598.67,14890,3
1269,72302.61,3584,4
1270,59972.8,3702,4
1271,53082.92,14510,3
1272,32497.15,11447,3
1273,138452.85,10372,4
1274,49202.16,2743,3
1275,64300.5,10348,5
1276,50683.26,8493,5
1277,42836.3,5145,3
1278,74653.58,17807,4
1279,61457.27,31,3
1280,92930.09,13084,5
1281,43415.17,2095,3
1282,88271.71,14631,3
1283,93221.51,7187,4
1284,71740.26,126,4
1285,30229.32,18499,5
1286,120754.38,19969,4
1287,106199.97,14223,5
1288,57073.06,11446,3
1289,142547.47,1423,4
1290,127586.24,15094,5
1291,65869.03,4937,5
1292,103396.27,16620,5
1293,31083.9,8785,5
1294,98891.32,10059,5
1295,39032.16,7947,4
1296,65156.08,19822,3
1297,44192.11,19720,3
1298,30065.37,17722,5
1299,133859.25,20,3
1300,32074.49,17739,5
1301,139471.94,1023,3
1302,140272.08,15858,4
1303,142799.82,19574,4
1304,51696,14404,3
1305,69081.64,17510,3
1306,71723.78,4185,5
1307,106811.1,8073,5
1308,66632.86,16461,4
1309,93491.16,8822,4
1310,93470.93,19024,4
1311,57764.16,2724,3
1312,34492.15,5704,4
1313,112112.55,6969,4
1314,97743.01,16271,3
1315,37836.53,12323,5
1316,43459.86,7666,5
1317,64861.13,9749,5
1318,139300.64,16984,5
1319,103104.33,14806,3
1320,127306.22,17140,4
1321,90333.3,16111,5
1322,104063.42,1539,4
1323,124718.24,389,5
1324,58935.73,15542,4
1325,37088.5,9286,4
1326,71190.12,2584,3
1327,59039.34,2960,4
1328,128449.36,3318,4
1329,139321.63,12393,4
1330,60770.97,15133,4
1331,61872.12,16069,3
1332,91093.22,7533,5
1333,78255.83,16569,5
1334,72072.6,16087,3
1335,120907.08,16511,5
1336,56693.36,7620,5
1337,129108.56,1294,4
1338,46074.06,19384,5
1339,107189.59,4725,4
1340,76772.95,16253,4
1341,41961.45,3251,5
1342,108335.73,12809,4
1343,85781.56,18451,3
1344,50599.82,2476,5
1345,140645.92,17929,3
1346,47363.97,13019,3
1347,117908.21,5907,4
1348,56957.92,18258,3
1349,34446.65,2979,3
1350,126280.05,13805,3
1351,61058.15,18499,3
1352,66093.06,12879,5
1353,91183.38,17294,4
1354,149744.53,10775,3
1355,65002.9,16913,5
1356,144593.4,16202,3
1357,104133.11,17944,4
1358,59884.94,3149,5
1359,69567.13,8512,5
1360,33596.56,8956,4
1361,107275.49,4514,5
1362,136881.95,10641,3
1363,141666.25,18350,3
1364,124356.21,1038,3
1365,40230.37,5759,3
1366,138533.93,7352,5
1367,137260.04,3508,5
1368,67095.32,13429,5
1369,110181.42,12695,4
1370,79052.37,2638,5
1371,43062.37,7710,4
1372,143696.91,11674,3
1373,63169.47,17914,5
1374,57041.68,2122,5
1375,133940.56,12159,4
1376,44215.66,16274,3
1377,83606.62,432,3
1378,100763.28,5098,4
1379,107761.7,3947,3
1380,140714.88,4508,4
1381,96302.98,19520,5
1382,130500.15,5965,4
1383,146433.67,6988,4
1384,121610.2,14499,5
1385,147905.13,9771,3
1386,147507.02,3686,5
1387,56446.88,506,4
1388,73767.41,7572,5
1389,128422.25,16566,5
1390,121790.2,3227,3
1391,75165.67,618,3
1392,85509.12,16385,4
1393,106946.08,7479,5
1394,68918.11,17304,4
1395,81433.29,6767,4
1396,45045.64,989,4
1397,123620.65,4744,4
1398,83924.64,1893,5
1399,49054.23,4822,3
1400,114739.99,16059,4
1401,135964.91,12281,3
1402,137818.65,8720,3
1403,134202.18,13109,3
1404,55041.43,14436,3
1405,144948.33,18023,4
1406,89190.75,1564,4
1407,107505.8,19271,4
1408,95535.79,5558,3
1409,49908.47,9158,4
1410,59671.94,12263,5
1411,64041.59,9333,5
1412,65345.19,17609,3
1413,40855.9,19698,5
1414,87734.65,5972,5
1415,148318.04,7506,3
1416,62888.34,3371,3
1417,98529.83,5446,5
1418,41290.46,1617,5
1419,45221.98,8335,5
1420,95127.79,7683,3
1421,86072.39,16497,4
1422,87339.11,19152,3
1423,39618.37,3482,5
1424,96296.48,5555,3
1425,102658.14,8,4
1426,64204.84,18839,3
1427,85641.64,17330,3
1428,112210.48,17226,5
1429,80839.11,13446,3
1430,142642.95,6443,4
1431,80426.79,5900,5
1432,96057.48,9823,5
1433,62078.29,16416,4
1434,65210.63,18606,3
1435,31450.55,15784,5
1436,102408.71,14003,3
1437,90622.66,17767,4
1438,135220.69,2855,5
1439,140940.34,14890,5
1440,81408.56,16685,3
1441,78546.18,15577,5
1442,90848,12688,4
1443,113231.94,10572,3
1444,37041.92,14509,3
1445,49543.12,2624,5
1446,145893.06,17494,4
1447,54749.62,7779,4
1448,149266.07,65,4
1449,91515.56,2468,4
1450,75228.62,19002,3
1451,108485.87,15596,3
1452,91581.3,5426,5
1453,69149.88,18512,3
1454,101080.36,13308,4
1455,44405.63,9195,4
1456,92630.48,4672,4
1457,48745.21,14789,4
1458,140194.9,1377,4
1459,123466.14,17917,3
1460,115476.02,13213,4
1461,67249.43,8407,3
1462,80034.35,12352,5
1463,120179.48,14776,5
1464,35862.69,6212,5
1465,35960.44,9992,5
1466,44185.05,15403,3
1467,119073.94,4958,3
1468,81372.86,18624,5
1469,40221.01,17242,4
1470,30807.31,6362,4
1471,89504.17,13731,3
1472,119305.3,15060,3
1473,64393.34,13630,3
1474,86452.32,18263,4
1475,72201.03,16675,3
1476,130220.14,3832,4
1477,59499.59,602,3
1478,100627.96,17825,5
1479,31493.71,9256,5
1480,36659.25,16620,3
1481,35107.21,17722,5
1482,53963.06,18138,4
1483,43372.61,5207,3
1484,144236.76,4508,5
1485,98675.39,13375,3
1486,73596.25,12254,4
1487,141375.16,12155,3
1488,30961.71,3875,3
1489,61475.08,19577,4
1490,104793.72,9675,5
1491,119659.99,18266,3
1492,64007.22,19566,5
1493,75586.34,13862,3
1494,78732.6,12270,3
1495,127075.6,4225,3
1496,61841.79,10481,5
1497,141888.71,13258,5
1498,68672.3,12263,5
1499,126154.66,5372,3
1500,102444.53,9473,4
1501,142172.56,15512,3
1502,58595.82,13870,5
1503,89357.28,15835,4
1504,76680.48,18058,3
1505,55613.29,4203,4
1506,90747.84,14514,3
1507,67583.03,1231,5
1508,111047.7,4512,4
1509,78580.56,8597,4
1510,55063.89,18819,5
1511,118811.14,6800,3
1512,60871.19,17487,5
1513,31954.04,4504,3
1514,129205.31,2104,5
1515,107155.2,2208,4
1516,60650.14,8880,4
1517,125613.57,5051,3
1518,76102.93,14733,5
1519,120192.95,224,3
1520,36898.78,9913,4
1521,131763.61,7647,4
1522,35469.82,13474,3
1523,103045.6,2169,5
1524,62728.32,431,4
1525,89057.16,8231,5
1526,147910.92,7643,3
1527,131326.08,9361,5
1528,38003.24,16412,5
1529,126717.71,14069,3
1530,80398.8,81,4
1531,147807.12,11855,4
1532,141342.13,16468,5
1533,127506.17,14680,3
1534,38472.16,17846,5
1535,37776.24,12799,3
1536,93014.84,3564,3
1537,98048.69,16736,3
1538,121251.01,4808,5
1539,114772.81,10360,3
1540,52921.07,5597,5
1541,138608.2,7295,5
1542,39161.99,7432,5
1543,120006.24,14627,5
1544,91485.37,7598,4
1545,103578.72,19080,4
1546,58022.57,18511,3
1547,66010.31,8108,5
1548,131587.08,11689,5
1549,83034.41,18498,5
1550,76392.48,9430,3
1551,106430.63,11399,5
1552,85161.56,4572,4
1553,131883.56,2371,3
1554,118844.33,9046,4
1555,72055.42,1721,3
1556,100146.78,11665,5
1557,61524.98,10596,3
1558,141043.15,18765,3
1559,117745.81,11717,3
1560,46081.57,14268,4
1561,116770.4,3017,3
1562,31773.86,13283,5
1563,78785.54,8008,5
1564,36335.26,10981,5
1565,48408.3,19294,5
1566,118822.63,10469,3
1567,33303.76,10051,3
1568,144642.82,9283,4
1569,81383.62,1786,5
1570,134036.35,15463,3
1571,69901.87,16741,3
1572,78518.37,14231,5
1573,106054.84,12722,4
1574,133609.35,8894,3
1575,99330.14,7745,5
1576,90011.17,957,3
1577,123001.86,18149,5
1578,44698.33,13004,3
1579,114303.75,19171,5
1580,109793.25,18584,4
1581,56480.84,902,3
1582,39756.46,15795,5
1583,97602.21,14226,4
1584,31250.63,816,3
1585,141099.55,1296,3
1586,61335.98,15664,5
1587,95225.42,16236,3
1588,66414.61,3015,3
1589,88149.47,12075,4
1590,106458.26,9380,3
1591,39888.14,6079,4
1592,51060.04,15943,5
1593,139788.17,7238,3
1594,71744.17,6036,4
1595,33106.84,8993,3
1596,61281.24,13495,4
1597,94355.84,5286,3
1598,94326,19513,4
1599,126304.05,973,4
1600,30918.69,18236,3
1601,32847.56,10909,3
1602,125984.09,19996,3
1603,57281.34,14569,4
1604,144938.6,9117,3
1605,35860.67,12362,3
1606,62804.21,7296,4
1607,56394.24,13034,4
1608,135172.73,5705,3
1609,116417.55,10332,4
1610,63306.05,4731,5
1611,68659.02,4581,5
1612,41905.05,15204,5
1613,75893.97,1081,3
1614,48146.85,6935,4
1615,107535.32,12339,5
1616,67092.52,9360,4
1617,86246.77,9435,3
1618,103713.46,11140,3
1619,33180.33,13329,5
1620,105127.63,6700,4
1621,38593.48,13568,3
1622,34805.09,18500,5
1623,105164.29,8449,3
1624,70899.27,993,4
1625,133895.84,10352,4
1626,76308.34,5396,4
1627,105056.91,12552,5
1628,120083.26,14445,5
1629,99063.36,4828,3
1630,71386.67,1701,4
1631,96660.07,1838,5
1632,117581.26,13970,3
1633,143897.8,6669,3
1634,124798.03,6777,4
1635,135204.97,18620,5
1636,141663.41,12828,3
1637,35854.51,2232,3
1638,70791.66,16877,5
1639,104935.85,3604,4
1640,85510.76,6691,4
1641,125859.98,14370,4
1642,116330.06,17665,3
1643,144222.64,4653,3
1644,62122.16,6632,3
1645,76109.84,12156,5
1646,81176.29,17536,5
1647,115802.95,3960,5
1648,123627.93,4638,5
1649,145717.44,13998,3
1650,82140.3,19968,5
1651,103799.19,11944,3
1652,99534.65,9322,4
1653,100409.26,13007,5
1654,98618.47,7230,4
1655,98454.6,16559,4
1656,54920.21,4652,4
1657,89767.2,4628,3
1658,68355.55,3753,4
1659,68432.19,2929,3
1660,83204.07,5684,5
1661,143199.02,7229,5
1662,139942.8,14060,5
1663,131616.5,11431,5
1664,54336.36,10106,3
1665,120896.17,16228,4
1666,58342.5,12992,5
1667,83262.39,13011,3
1668,99693.62,15737,4
1669,130632.55,2373,5
1670,96172.33,12991,4
1671,67004.38,19774,3
1672,136679.23,4629,5
1673,37656.94,13156,5
1674,55298.47,16334,5
1675,80816.94,9446,3
1676,143524.45,12465,5
1677,69636.76,13724,4
1678,97387.72,5243,4
1679,33515.82,9526,3
1680,134552.1,779,5
1681,93841.4,19775,3
1682,131344.36,7919,5
1683,111190.09,3087,4
1684,122613.44,6163,3
1685,134272.47,12461,3
1686,53092.66,1342,5
1687,138225.25,1024,4
1688,83071.42,12273,4
1689,60904.63,1940,4
1690,58184.56,10183,4
1691,114467.86,9188,3
1692,40854.18,9757,4
1693,45901.75,10853,4
1694,114869.76,1249,5
1695,78960.03,12773,4
1696,46950.55,5099,3
1697,111527.69,14785,4
1698,53579.61,12362,5
1699,67161.43,1547,3
1700,112181.29,13892,5
1701,38600.51,17874,4
1702,58325.51,12672,5
1703,114169.65,15928,4
1704,116072.57,18370,4
1705,56002.99,8677,5
1706,77451.35,7743,4
1707,131574.88,14438,5
1708,131528.08,9459,5
1709,80911.55,13634,3
1710,57211.71,8582,4
1711,138287.29,9119,5
1712,112811.43,19459,3
1713,63619.15,3086,3
1714,53109.55,1750,4
1715,87247.72,3488,4
1716,72713.54,14177,3
1717,59190.48,11547,4
1718,139662.71,19332,5
1719,54861.78,5627,3
1720,103670.43,19728,3
1721,123182.99,19585,5
1722,48495.26,19667,5
1723,134117.56,3981,5
1724,54949.1,19762,3
1725,104611.49,17641,4
1726,85308.27,6756,3
1727,44522.87,5624,5
1728,37359.71,3084,5
1729,148229.97,19691,4
1730,91770.46,18872,4
1731,86094.97,1828,5
1732,53956.08,1154,5
1733,123044.13,2143,5
1734,66665.25,6154,4
1735,60882.51,8336,5
1736,59890.72,682,4
1737,121094.19,270,3
1738,102112.77,17138,3
1739,143944.79,12363,5
1740,79029.96,19144,3
1741,55787.14,12851,4
1742,117356.56,5921,3
1743,147168.59,18894,3
1744,125448.57,14604,3
1745,134555.19,13476,3
1746,134180.69,2771,3
1747,126781.5,4830,5
1748,76474.95,9962,5
1749,116247.7,14409,5
1750,56380.9,13548,3
1751,138207.46,8933,5
1752,131813,12756,4
1753,87602.22,2892,3
1754,107201.97,11700,5
1755,147982.91,6562,5
1756,34418.3,8045,4
1757,149234.21,14674,4
1758,41161.13,19121,4
1759,115441.78,2221,4
1760,52312.3,17531,4
1761,93832.09,19358,3
1762,129313.66,5455,5
1763,141080.54,2501,5
1764,143361.17,17628,4
1765,126807.74,5597,5
1766,71419.42,7220,4
1767,145262.08,10215,3
1768,118260.66,9672,3
1769,72763.02,9726,3
1770,136559.93,13329,5
1771,97003.41,8745,4
1772,146603.88,1929,5
1773,46967.44,11660,5
1774,33657.24,11313,5
1775,121207.6,15181,4
1776,142713.07,10852,5
1777,75612.4,419,4
1778,102838.46,16471,5
1779,138069.61,16667,5
1780,76722.34,2889,3
1781,63251.3,16676,3
1782,97214.34,15060,5
1783,135924.6,7243,3
1784,121096.7,4890,5
1785,49769.96,6870,3
1786,79140.51,7169,4
1787,39521.93,10805,5
1788,40438.27,14042,4
1789,70157.42,14281,4
1790,35978.45,1233,3
1791,63693.82,19667,3
1792,113298.94,18138,3
1793,119624.5,8029,5
1794,128963.45,9794,5
1795,118666.3,11711,4
1796,134970.22,7128,5
1797,97341.44,18661,3
1798,111310.34,6750,5
1799,107291.13,19082,3
1800,115003.58,11019,4
1801,133031.49,6897,4
1802,143969.6,7877,5
1803,90057.78,15984,4
1804,109822.96,578,5
1805,90190.21,3852,3
1806,66069.96,3146,4
1807,44938.27,12217,5
1808,39339.97,1155,4
1809,51371.76,11965,5
1810,111222.71,11666,5
1811,94599.71,239,3
1812,106230.35,18604,4
1813,139700.76,12774,3
1814,117535.17,16599,5
1815,125611.67,2706,3
1816,127201.44,8940,4
1817,140944.12,11226,3
1818,54729.3,14052,5
1819,61220.49,7960,4
1820,31370.15,1514,5
1821,58468.6,13797,5
1822,35015.6,16416,4
1823,65684.76,2730,4
1824,139406.73,506,3
1825,44805.94,18991,4
1826,38038.16,4607,3
1827,63161.33,17866,3
1828,73450.53,18805,3
1829,138881.54,10827,4
1830,133478.74,6299,3
1831,60437.9,7597,5
1832,96882.3,12706,4
1833,110195.57,7398,3
1834,120591.61,17787,4
1835,94968.16,1686,4
1836,79626.79,12851,4
1837,91408.33,11070,4
1838,75627.07,19577,3
1839,87162.94,6721,5
1840,126947.65,11717,3
1841,146020.29,1700,3
1842,78136.27,7424,5
1843,135594.57,1591,3
1844,87465.18,321,4
1845,146931.18,18256,4
1846,100811.01,3048,5
1847,123082.3,17019,4
1848,125664.43,9844,3
1849,32326.34,694,3
1850,73988.88,2233,3
1851,72661.41,13049,3
1852,98743.79,13038,5
1853,147338.79,17417,4
1854,42822.89,4231,4
1855,116504.46,8803,5
1856,145759.98,14536,3
1857,133105.37,19097,4
1858,51338.07,14229,5
1859,66685.99,19778,4
1860,92223.29,7418,4
1861,105178.11,15824,3
1862,146280.66,7235,4
1863,105543.49,3724,4
1864,69391.06,7299,3
1865,145539.26,2700,4
1866,85796.8,18440,3
1867,133759.83,10645,4
1868,104309.18,8770,5
1869,132440.6,7288,4
1870,59552.8,1653,3
1871,142008.56,7920,3
1872,45848.28,16339,3
1873,128138.36,5120,4
1874,122483.37,698,4
1875,134938.34,14163,3
1876,79262.08,14174,3
1877,67519.3,11747,5
1878,55892.63,3581,3
1879,88271.06,12803,5
1880,118063.09,11485,5
1881,51131.67,18152,3
1882,80397,7272,3
1883,60636.39,12698,4
1884,38205.37,1488,4
1885,40728.58,11452,5
1886,87853.32,3547,5
1887,31513.83,11043,4
1888,100337.9,16711,4
1889,122632.69,2604,4
1890,89006.23,13525,4
1891,92624.27,13245,3
1892,75869,12090,5
1893,90820.92,17768,3
1894,88309.7,4605,4
1895,48635.13,17832,4
1896,74038.95,4997,4
1897,102513.93,16428,5
1898,131639.87,18094,5
1899,41188.36,3393,4
1900,83392.11,18760,5
1901,38305.08,15525,3
1902,84599.27,17211,4
1903,146360.46,2320,3
1904,142836.38,2870,5
1905,124416.65,9204,4
1906,106337.96,397,5
1907,30471.45,19513,3
1908,98848.13,3041,4
1909,57293.95,12256,3
1910,73223.17,13245,4
1911,84763.44,5071,4
1912,75133.9,18134,4
1913,54090.98,192,4
1914,45035.45,18261,5
1915,142640.58,7777,4
1916,119683.58,781,5
1917,119981.51,18410,4
1918,30144.88,12303,5
1919,53597.06,15276,5
1920,38618.6,17244,5
1921,48664.88,16604,3
1922,47681.03,11248,3
1923,139381.12,18601,4
1924,112055.3,17764,4
1925,81130.28,10942,4
1926,139181.55,11676,5
1927,86155.45,7089,3
1928,68336.99,18718,3
1929,145400.46,2109,4
1930,72617.56,9557,5
1931,144748.88,18304,3
1932,86604.38,13984,4
1933,37686.41,2272,4
1934,69149.66,638,3
1935,45458.56,14804,3
1936,138529.75,6707,5
1937,43422.87,12632,5
1938,63413.78,15214,3
1939,117464.18,5569,5
1940,32179.01,4003,4
1941,125182,9966,3
1942,50922.82,10800,3
1943,114494.92,17416,5
1944,101161.07,7215,4
1945,118374.27,3505,5
1946,86128.31,12748,3
1947,43083.57,12319,3
1948,90910.48,9200,4
1949,133236,1593,3
1950,47464.06,8460,3
1951,86431.68,9738,4
1952,131999.88,11251,4
1953,33719.11,16899,4
1954,132608.64,2360,4
1955,144629.42,15259,4
1956,94152.18,9257,3
1957,69963.68,12864,4
1958,64169.22,8050,4
1959,100219.21,4875,3
1960,61856.27,3531,5
1961,117890.29,5040,3
1962,80309.56,11144,5
1963,89810.28,4485,4
1964,92345.83,13896,5
1965,70459.04,15146,3
1966,131801.21,3752,4
1967,106223.17,19968,3
1968,80148.36,14564,5
1969,94976.85,16991,5
1970,61042.35,16091,4
1971,144096.94,11855,4
1972,94361.13,10422,4
1973,48378.38,13141,5
1974,70992.01,13035,5
1975,149934.83,5708,4
1976,77869.15,18224,3
1977,123533.34,15313,5
1978,147005.03,9623,4
1979,86277.82,12197,3
1980,104132.83,11943,5
1981,134178.73,5472,4
1982,49891.62,9559,3
1983,123717.2,19920,4
1984,68427.68,17070,4
1985,55372.67,11648,4
1986,61012.45,2966,5
1987,60034.24,19544,3
1988,109921.01,272,3
1989,143792.52,18823,5
1990,126523.85,9656,3
1991,148400,1553,4
1992,130671.1,15106,4
1993,145977.14,19046,5
1994,84441.41,16906,5
1995,87422.04,11801,4
1996,37452.3,991,4
1997,65941.09,16123,3
1998,72257.27,17812,5
1999,125753.56,16733,4
2000,141611.08,5614,5
2001,103614.33,16433,3
2002,110381.86,5491,3
2003,147619.53,17746,5
2004,116685.03,14340,3
2005,105995.44,4229,4
2006,86377.95,5577,5
2007,117218.51,7305,5
2008,146527.92,13098,5
2009,31219.1,7479,3
2010,102274.52,13868,3
2011,80609.5,2789,3
2012,58958.87,8118,4
2013,110839.03,10684,4
2014,85296.88,19050,5
2015,33050.17,2719,4
2016,97098.09,12024,3
2017,38916.71,3032,4
2018,34843.22,6634,3
2019,59036.69,314,5
2020,130259.58,1270,4
2021,63877.57,7755,3
2022,123807.42,12022,4
2023,137099.25,3800,3
2024,149271.84,19737,3
2025,44042.07,7109,3
2026,48192.54,9843,5
2027,138229.57,1171,4
2028,136482.5,2510,4
2029,120135.5,6847,3
2030,146690.38,6159,5
2031,71444.4,19811,3
2032,119062.74,8989,5
2033,33674.5,17750,5
2034,101973.44,4632,5
2035,122315.52,7707,4
2036,58862.47,10197,4
2037,57706.59,11311,3
2038,30584.51,14398,3
2039,94681.79,2927,5
2040,115113.27,12444,5
2041,135274.2,11605,5
2042,144633.73,19236,4
2043,126350.58,10644,5
2044,102547.12,13495,5
2045,52658.33,18691,4
2046,103566.8,15596,5
2047,43469.52,9324,5
2048,115391.86,15938,5
2049,115452.34,18555,4
2050,136923.23,6618,5
2051,109012.19,10672,4
2052,97244.12,19481,4
2053,66083.61,16542,3
2054,88736.73,7902,4
2055,36780.73,3106,3
2056,100266.71,11815,5
2057,66892.66,6190,5
2058,127289.11,14242,5
2059,136716.24,14260,4
2060,71713.58,10376,4
2061,91179.74,114,3
2062,146996.23,12744,5
2063,103414.52,12487,3
2064,77965.45,18833,5
2065,122048.3,4244,3
2066,137425.14,3342,3
2067,113151.16,14607,3
2068,94488.74,4190,4
2069,42123.32,18722,5
2070,117348.77,15190,5
2071,84036.26,4351,5
2072,102862.66,7799,3
2073,123525.29,17170,4
2074,41234.44,11743,5
2075,86364.33,14475,4
2076,140034.46,13590,4
2077,36429.04,6685,4
2078,108817.41,16547,4
2079,41524.59,750,5
2080,96914.46,2993,4
2081,79780.04,8091,5
2082,112639.94,10668,3
2083,83100.25,16464,3
2084,104276.36,16760,5
2085,56674.96,6116,3
2086,92533.56,22,4
2087,118158.64,11076,3
2088,96149.9,1455,3
2089,45722.66,16895,4
2090,92238.99,3102,5
2091,102910.26,12244,3
2092,99166.6,15827,3
2093,120145.63,3323,5
2094,53365.59,1354,5
2095,92658.04,13088,3
2096,140022,3057,3
2097,137906.09,19945,3
2098,139833.04,11168,5
2099,78547.36,4619,3
2100,142970.97,17731,5
2101,97670.76,10892,5
2102,101294.52,8450,3
2103,73090.41,17486,4
2104,41487.15,9617,5
2105,145431.6,12787,4
2106,92651.21,13535,4
2107,128582.41,6759,3
2108,70988.53,10122,5
2109,48023.85,3900,5
2110,47929.64,18961,4
2111,106881.03,8691,5
2112,95278.98,17396,3
2113,108377.23,17017,5
2114,63868.89,4708,3
2115,68631.57,6113,5
2116,93272.08,12414,5
2117,113555.61,15487,4
2118,102501.27,1129,4
2119,44613.74,19578,4
2120,125483.6,7441,3
2121,33018.07,16263,4
2122,87139.51,16355,5
2123,64615.92,10534,4
2124,117820.3,16265,4
2125,30447.82,3936,3
2126,90413.44,7061,5
2127,149796,1063,4
2128,70806.21,10134,4
2129,86121.91,7389,4
2130,141085.96,2400,5
2131,79213.58,17028,4
2132,130013.9,769,5
2133,102936.67,3079,3
2134,52011.44,19170,5
2135,142052.3,19752,5
2136,103571.63,19137,5
2137,66666.32,14379,3
2138,111842.89,10998,4
2139,127004.94,13313,5
2140,86913.93,9612,3
2141,54091.75,19481,4
2142,61113.95,7818,4
2143,122958.34,17177,5
2144,126567.54,12274,3
2145,52383.56,1405,5
2146,30156.95,3386,3
2147,81825.75,12913,4
2148,53587.92,18860,4
2149,87952.65,8597,5
2150,133565.05,12163,4
2151,139354.17,13221,5
2152,139716.3,3108,3
2153,100589.96,16401,4
2154,105356.22,14002,4
2155,117690.13,15153,3
2156,104422.93,18156,5
2157,92310.89,18049,5
2158,146606.13,5063,4
2159,102846.2,8057,4
2160,101180.23,5352,3
2161,65064.75,12599,5
2162,139205.71,11760,4
2163,116002.81,5138,4
2164,100425.79,17297,5
2165,142423.23,8578,5
2166,121464.84,997,5
2167,140094,19704,5
2168,90934.75,14811,5
2169,114964.73,15811,5
2170,137124.88,8688,5
2171,109078.92,5529,4
2172,123868.61,9274,4
2173,63950.12,11912,4
2174,125319.84,11669,3
2175,39534.92,3063,5
2176,123412.37,18866,5
2177,124806.63,1432,3
2178,142851.72,7739,5
2179,103792.59,14837,4
2180,65877.32,15752,4
2181,53294.93,19460,5
2182,97977.4,12583,5
2183,82459.49,19114,3
2184,149519.96,18892,3
2185,57186.77,12674,5
2186,148723.04,19140,4
2187,85244.97,4317,4
2188,79707.73,11636,3
2189,91212.19,10675,3
2190,79061.75,17806,3
2191,79290.79,4222,3
2192,88927.87,9682,5
2193,114394.86,10372,5
2194,137621.99,19508,3
2195,54139.95,9287,3
2196,79348.02,11133,5
2197,84828.34,4717,4
2198,131455.05,15150,3
2199,112578.73,7580,3
2200,134504.74,4760,3
2201,93398.47,2255,5
2202,102815.01,6654,3
2203,114066.87,7644,4
2204,145998.83,5558,5
2205,107033.26,12287,3
2206,114173.39,6199,3
2207,89948.12,11481,5
2208,141767.49,12080,3
2209,108306.36,4216,5
2210,33166.75,9120,5
2211,89951.3,17166,4
2212,76283.66,19657,4
2213,73442.04,3936,3
2214,117672.84,15301,5
2215,96119.61,16355,4
2216,66827.39,5814,4
2217,81094.29,18631,4
2218,59437.88,16895,5
2219,112745.51,15730,5
2220,74206.78,2710,4
2221,98118.96,16218,5
2222,55401.95,10827,4
2223,62600.87,13687,3
2224,124918.98,7465,5
2225,47508.83,4923,3
2226,142567.83,8041,4
2227,68994.09,3031,4
2228,64059.88,12759,5
2229,133211.58,11158,4
2230,59980.24,3550,4
2231,30054.61,16862,3
2232,53009.4,16970,4
2233,82709.38,10787,3
2234,42317.28,9314,3
2235,99729.71,5317,5
2236,90730.65,11927,5
2237,76270.21,18897,3
2238,41804.87,5597,3
2239,47706.18,7952,3
2240,94427.56,6484,5
2241,66286.07,5848,4
2242,74444.51,9294,4
2243,82424.16,7665,5
2244,91354.71,17998,5
2245,108085.62,19729,4
2246,108096.08,108,4
2247,109034.7,16533,4
2248,139434.33,5613,3
2249,119099.52,11612,3
2250,57647.1,10983,5
2251,61297.78,6511,5
2252,136421.16,14520,5
2253,49347.77,2304,3
2254,58888.54,863,3
2255,144220.2,2483,5
2256,37521.74,2104,4
2257,45403.1,6715,4
2258,65307.45,7681,4
2259,149820.78,15212,3
2260,138746.77,7134,5
2261,98851.29,1272,4
2262,127018.54,1003,4
2263,88135.2,10659,3
2264,122064.88,7467,5
2265,38964.41,11349,4
2266,142436.39,15334,5
2267,33754.03,10169,4
2268,74047.32,10178,5
2269,82008.44,13579,4
2270,48843.62,15190,3
2271,60764.04,16823,3
2272,130977.7,6279,3
2273,112720.77,19486,3
2274,117460.47,10833,3
2275,38764.74,4505,3
2276,33965.83,13888,4
2277,80930.41,18706,5
2278,132122.22,4169,5
2279,51956.69,16750,3
2280,33631.18,14780,3
2281,86803.32,8037,3
2282,93848.73,14990,4
2283,133841.24,798,4
2284,35222.81,4631,5
2285,73268.27,7130,3
2286,106154.57,11714,3
2287,117109.05,14955,5
2288,134889.82,9170,3
2289,42283.44,12761,4
2290,144840.21,17429,5
2291,50364.98,6759,5
2292,124504.43,6131,3
2293,120790.84,17102,4
2294,38193.98,18605,5
2295,104723.61,6316,4
2296,84464.22,607,3
2297,48794.65,10595,5
2298,138831.96,968,3
2299,133646.9,9164,3
2300,71945.83,19257,4
2301,59772.92,11112,3
2302,140262.98,8495,4
2303,102572.9,12375,4
2304,118293.1,2819,3
2305,90480.45,14893,4
2306,61916.38,14370,5
2307,38192.66,19316,3
2308,55001.14,2371,3
2309,43816.67,226,5
2310,102689.87,13292,4
2311,111558.43,16329,3
2312,124461.54,2599,5
2313,39893.78,11723,4
2314,130000.81,16366,4
2315,60083.11,18741,3
2316,97582.43,220,4
2317,125408.24,12447,4
2318,137033.17,14749,4
2319,35624.27,4576,5
2320,37442.77,15979,3
2321,112432.69,15316,5
2322,79786.27,8099,3
2323,32378.18,11588,4
2324,72657.5,14990,4
2325,135563.39,13900,5
2326,119345.97,12683,3
2327,133285.39,12888,5
2328,100782.57,2964,3
2329,149616.97,3304,3
2330,117721.16,1168,3
2331,148249.33,10585,3
2332,143327.97,4624,4
2333,31737.92,18514,5
2334,54265.4,7720,5
2335,72551.88,11060,4
2336,42690.33,5873,4
2337,60562,17681,5
2338,55826.21,7243,4
2339,110154.9,6126,3
2340,116056.97,8224,3
2341,48757.21,13040,5
2342,68352.92,7144,3
2343,147056.35,10836,4
2344,108506.7,9405,4
2345,119827.74,16864,4
2346,79006.57,7173,4
2347,106491.31,8702,4
2348,45655.41,10056,3
2349,88402.77,4869,4
2350,115955.9,14172,5
2351,55490.12,14362,5
2352,112539.96,6893,5
2353,70246.83,12353,4
2354,127754.12,19848,5
2355,110636.88,3281,4
2356,127650.66,8907,4
2357,144849.17,18397,5
2358,118944.19,16186,4
2359,135198.93,5910,3
2360,141381.68,159,5
2361,101376.52,8024,3
2362,30684.38,6965,3
2363,139577.44,1919,5
2364,131251.93,17868,5
2365,50127.75,5831,4
2366,84104.19,7216,3
2367,138642.8,13136,4
2368,119036.44,6186,5
2369,34895.5,6839,5
2370,63721.43,17288,4
2371,57922.19,227,5
2372,70769.1,5354,4
2373,97764.94,2071,3
2374,104154.12,2167,5
2375,85306.59,14274,5
2376,83739.72,8075,5
2377,143859.7,13634,3
2378,34681.26,15292,3
2379,66640.04,4874,3
2380,96675.45,19912,3
2381,138136.99,19871,5
2382,96868.41,18123,5
2383,70018.84,3419,4
2384,45983.11,13618,3
2385,85124.41,10042,3
2386,99103.63,18160,5
2387,43159.28,16092,5
2388,82911.25,18675,3
2389,147788.67,5813,5
2390,118818.03,7818,5
2391,119373.26,19344,4
2392,83504.87,17002,4
2393,122729.19,72,3
2394,52469.57,7432,5
2395,114241.95,12475,5
2396,107679.76,15587,3
2397,147570.67,19648,4
2398,103056.52,19687,5
2399,41964.6,145,4
2400,134948.72,13943,5
2401,77135.5,9534,3
2402,93167.64,11437,5
2403,106909.17,13675,5
2404,119938.14,5588,4
2405,89012.86,8970,5
2406,111437.23,11122,4
2407,115739.84,7254,5
2408,59718.93,5491,3
2409,136217.28,17081,3
2410,34928.02,1581,3
2411,40420.46,5922,5
2412,112098.42,16340,4
2413,72849.66,3631,5
2414,36062.63,17608,5
2415,111445.8,15221,3
2416,82801.97,15647,4
2417,84379.91,18572,4
2418,125712.83,17897,3
2419,136840.62,12585,5
2420,127979.96,19142,3
2421,135462.86,2265,5
2422,112182.68,13877,4
2423,112943.08,8842,5
2424,31509.22,11470,4
2425,121233.69,11634,5
2426,86171.52,13807,4
2427,78879.86,2351,3
2428,74574.02,4215,3
2429,121177.35,19874,4
2430,89359.27,5912,4
2431,46097.17,6678,3
2432,149543.43,145,4
2433,54730.21,19922,5
2434,119339.11,5705,5
2435,57512.19,421,3
2436,148196.18,3374,3
2437,55091.74,9952,4
2438,63585.73,5669,5
2439,105953.02,14687,5
2440,126748.58,14944,3
2441,102435.89,16475,3
2442,79638.71,13563,4
2443,98099.62,4293,5
2444,68380.78,17565,4
2445,99914.47,4641,3
2446,31831.8,12545,3
2447,149429.51,7034,5
2448,87208.29,8199,5
2449,113582.33,19298,4
2450,59278.65,8865,4
2451,90313.64,4476,5
2452,89440.54,462,3
2453,31559.53,14770,3
2454,117415.69,18168,5
2455,92841.1,17745,5
2456,99950.95,9627,3
2457,118599.68,17768,5
2458,76469.1,10149,3
2459,64412.41,5278,5
2460,51643.26,10122,5
2461,86388.48,19428,3
2462,147907.91,7806,5
2463,134629.64,11193,4
2464,113761.62,9845,4
2465,108563.42,3375,3
2466,85193.64,13556,5
2467,56800.73,1691,3
2468,99370.06,1756,4
2469,94249.74,15203,3
2470,112562.4,5893,3
2471,120890.93,5079,3
2472,114203.73,6076,4
2473,37730.9,2802,4
2474,138549.47,297,4
2475,90449.46,1955,5
2476,105012.82,5729,3
2477,141949.03,9617,4
2478,31713.78,16371,4
2479,114883.73,12720,4
2480,73539.98,14867,5
2481,91374.01,1433,5
2482,32110.5,3471,5
2483,88992.78,2495,4
2484,98668.26,501,5
2485,33064.13,7667,3
2486,68014.73,5825,3
2487,51719.71,12860,5
2488,132124.5,19665,3
2489,119024.29,18387,3
2490,77158.15,11677,5
2491,128535.73,16886,4
2492,70149.59,5583,3
2493,57780.54,968,3
2494,93594.87,13266,4
2495,132144.16,6322,4
2496,111405.69,3832,4
2497,74816.1,3232,4
2498,107703.04,16880,3
2499,74003.39,5925,5
2500,104328.15,16038,3
2501,80041.32,18840,4
2502,122797.8,19023,3
2503,67652.57,3410,5
2504,99140.81,2298,3
2505,139549.21,18128,3
2506,49752.59,17361,4
2507,115591.46,18529,4
2508,115198.36,8904,3
2509,80737.05,5286,3
2510,100642.84,19548,4
2511,83442.65,7975,5
2512,115673.64,13149,3
2513,145561.53,13402,5
2514,148873.52,6979,5
2515,85022.3,3299,4
2516,82608.38,18826,3
2517,129139.34,6690,4
2518,127576.95,7419,3
2519,82251.22,5137,5
2520,143405.71,18154,3
2521,126774.65,12199,3
2522,147813.28,13057,5
2523,100401.48,13013,5
2524,70167.14,11902,3
2525,130213.31,17365,5
2526,62261.33,14140,4
2527,122853.66,3543,3
2528,96666.78,3912,3
2529,31704.6,10803,5
2530,130722.4,11111,4
2531,100957.07,13593,5
2532,144721.18,4883,5
2533,36188.94,10519,5
2534,39484.19,3931,4
2535,64249.14,12979,4
2536,116893.2,15458,3
2537,79586.51,3885,5
2538,145723.63,15526,5
2539,103429.51,4655,4
2540,86401.31,11284,4
2541,145428.02,876,4
2542,109264.82,3128,5
2543,118314.72,1636,4
2544,115491.65,8202,3
2545,83635.85,9257,3
2546,45377.85,11110,3
2547,41976.9,7546,5
2548,124052.49,8080,4
2549,99147.39,1788,3
2550,64777.34,18661,5
2551,134367.39,2118,3
2552,36199.09,6445,5
2553,98423.08,666,3
2554,128039.67,16005,4
2555,77704.62,16870,5
2556,116483.56,6500,3
2557,108304.18,12227,5
2558,129957.22,9815,5
2559,137452.66,18888,5
2560,89704.33,9497,3
2561,71791.78,10679,5
2562,97228.32,9749,4
2563,75465.3,3516,5
2564,134098.62,7133,3
2565,36458.03,1817,4
2566,112539.19,5347,5
2567,92019.48,19955,5
2568,108822.94,12815,5
2569,82147.06,4437,5
2570,100852.31,11009,5
2571,68779.62,4844,5
2572,47246.35,11493,5
2573,89860.42,8040,3
2574,35894.12,837,5
2575,97441.44,8311,4
2576,129609.13,14555,4
2577,133274.31,11302,3
2578,148433.17,127,4
2579,39124.22,18747,5
2580,65764.67,17273,4
2581,134651.02,8648,5
2582,87467.04,7283,5
2583,140094.56,17624,3
2584,68842.48,18039,4
2585,141067,4414,3
2586,54261.4,17750,3
2587,139947.23,18088,3
2588,100558.76,12609,4
2589,147129.86,14538,5
2590,32066.13,4840,4
2591,110485.34,19138,5
2592,116001.34,234,4
2593,77025.87,1089,4
2594,79848.94,18113,4
2595,98299.48,5591,4
2596,97963.02,16444,3
2597,110005.01,14709,3
2598,109072.77,17471,5
2599,48149.84,17248,3
2600,86029.81,3895,4
2601,40719.9,1475,3
2602,87306.92,10084,5
2603,57031.71,9974,4
2604,123881.73,13335,4
2605,55406.26,18026,5
2606,112490.97,6906,3
2607,145109.64,12442,5
2608,61333.09,7177,4
2609,134031.68,16000,4
2610,138449.17,1206,4
2611,137598.53,8560,4
2612,74293.26,18274,3
2613,127270.14,10238,3
2614,111104.82,4062,3
2615,53694.85,11799,4
2616,105411.53,16492,5
2617,82632.21,6040,5
2618,86383.47,14075,4
2619,131342.84,19122,5
2620,88678.05,8540,5
2621,137707.73,4044,5
2622,34947.7,3140,5
2623,80804.96,11972,3
2624,95301.3,2767,3
2625,75606.71,4703,4
2626,96031.48,8018,4
2627,133973.75,4454,5
2628,144721.89,18099,3
2629,35036.66,9193,3
2630,36245.89,9323,4
2631,50188.59,6789,3
2632,43456.03,7691,5
2633,127678.89,19616,5
2634,63617.13,16377,5
2635,47377.26,9265,3
2636,61757.05,6550,3
2637,75986.03,13061,3
2638,30936.19,15240,5
2639,38832.34,14449,3
2640,40443.39,4917,5
2641,32604.25,9422,3
2642,48139.06,11399,3
2643,117443.56,2185,4
2644,136420.35,15399,5
2645,68541.17,8328,3
2646,42511.91,7263,3
2647,59326.88,1004,3
2648,45585.63,2461,3
2649,114883.67,12968,4
2650,137346.69,1796,3
2651,140321.99,8425,4
2652,34047.93,3415,3
2653,120829.71,18894,5
2654,62914.74,7878,3
2655,121086.77,11888,3
2656,39912.77,8803,5
2657,72012.08,13048,5
2658,81122.49,12492,3
2659,93928.91,3858,4
2660,144668.51,7018,5
2661,61344.68,6604,4
2662,42147.78,19461,3
2663,103973.21,4454,5
2664,98961.34,12955,4
2665,92468.58,19103,3
2666,54897.26,5836,4
2667,135222.82,1093,5
2668,122176.3,391,5
2669,148492.54,19531,3
2670,66191.53,9119,5
2671,110537.2,14405,4
2672,90924.66,898,5
2673,141657.62,11161,5
2674,42037.78,13466,4
2675,138650.57,19342,4
2676,60676.04,15913,5
2677,137538.74,5980,4
2678,59260.13,18859,5
2679,44357.65,17980,5
2680,147420.89,8619,4
2681,83671.52,11847,3
2682,124447.66,19554,5
2683,33992.3,2364,4
2684,31626.18,8254,5
2685,73353.79,12986,4
2686,113601.64,3498,4
2687,69588.13,16294,4
2688,146476.36,5121,5
2689,145609.07,11975,5
2690,137367.83,9143,4
2691,61938.57,162,5
2692,58155.3,16198,5
2693,60557.2,4850,4
2694,82226.05,19278,3
2695,108938.53,17398,4
2696,82328.55,15890,3
2697,149322.93,4416,4
2698,34293.73,12130,4
2699,117907.54,8896,3
2700,123641.63,4682,4
2701,96638.7,7692,4
2702,50697.52,15792,5
2703,60725.82,19215,3
2704,71172.88,13994,5
2705,110386.88,18989,3
2706,115933.09,12430,5
2707,50945.32,3505,5
2708,41506.59,1951,4
2709,98874.99,9404,3
2710,105337,5875,4
2711,78123.74,19868,3
2712,47229.96,17252,5
2713,90771.06,9652,3
2714,130182.07,4611,3
2715,98013.46,1842,3
2716,72912.54,2603,3
2717,40995.43,15111,4
2718,126229.16,6983,4
2719,136277.2,18074,5
2720,92906.18,10259,3
2721,40015.25,9923,4
2722,69357.36,6243,5
2723,90291.01,8957,3
2724,61614.23,8449,3
2725,96969.01,2478,5
2726,118562.03,9142,5
2727,32253.88,14360,5
2728,47157.55,14591,4
2729,138200.86,15319,4
2730,68693.52,3633,5
2731,64073.81,15801,3
2732,51225.19,19394,3
2733,94168.34,1782,5
2734,127009.04,17478,5
2735,37299.38,4873,4
2736,118226.92,11525,5
2737,79602.02,6319,4
2738,47315.21,18008,3
2739,128682.82,9421,3
2740,91832.9,7377,5
2741,76057.57,1669,5
2742,99233.98,1565,4
2743,69408.39,15883,4
2744,71336.92,2390,4
2745,126117.03,3944,5
2746,42219.42,12244,3
2747,48482.98,8691,4
2748,51380.09,13482,3
2749,54621.98,18595,3
2750,81302.62,19535,4
2751,139937.62,15693,4
2752,48678.54,3396,5
2753,61020.68,16878,4
2754,87195.83,6722,4
2755,135951.34,5561,4
2756,140663.03,13566,3
2757,95333.16,16521,5
2758,95315.8,14732,5
2759,83143.89,143,5
2760,125800.4,12358,5
2761,110395.96,10491,5
2762,116975.88,7903,4
2763,149154.47,7698,5
2764,44333.01,8258,3
2765,133682.57,17067,4
2766,65316.3,10374,4
2767,70092.04,15178,3
2768,41867.18,18254,4
2769,130117.93,13867,5
2770,73248.28,16076,5
2771,30488.05,9350,4
2772,132857.5,10586,4
2773,45635.17,10315,3
2774,128943.61,12239,4
2775,37887.02,4811,4
2776,60868.22,11669,3
2777,149516.21,18003,5
2778,97653.6,5362,5
2779,62853.57,16220,4
2780,147031.83,9252,5
2781,139621.32,3367,5
2782,101572.39,8114,3
2783,71838.43,9312,5
2784,131834.29,3833,5
2785,86087.78,7842,5
2786,104325.3,5358,3
2787,109200.84,15217,5
2788,74523.22,13260,3
2789,84360.48,16823,5
2790,49569.86,18537,3
2791,139737.66,585,3
2792,141422.21,7336,3
2793,109817.05,13861,5
2794,126212.54,11690,5
2795,57276.58,10843,3
2796,138823.63,6137,3
2797,135812.56,861,4
2798,103044.9,18831,5
2799,98963.93,11624,4
2800,43176.97,2937,5
2801,62866.65,15044,5
2802,149376.71,14863,4
2803,84957.78,11061,3
2804,36541.85,15900,5
2805,130494.3,5403,5
2806,54287.14,14150,4
2807,99141.6,15377,4
2808,33873.54,4873,3
2809,67316.45,7103,4
2810,83638.99,18673,5
2811,127489.51,10732,4
2812,51901.3,7863,4
2813,123914.34,2811,3
2814,99625.77,10003,4
2815,102581.77,2380,5
2816,90063.94,10102,3
2817,130231.16,976,4
2818,107703.99,1097,3
2819,71705.89,15343,4
2820,141864.44,4465,4
2821,120229.77,5420,4
2822,113294.97,3955,4
2823,74478.92,5147,3
2824,85541.46,7691,4
2825,136301.76,622,3
2826,66578.37,5217,5
2827,134074.9,11835,5
2828,45957.47,15079,4
2829,148584.62,12442,5
2830,100542.09,6039,5
2831,134265.96,15948,4
2832,50283.87,8401,5
2833,36825.73,19419,5
2834,93513.69,12376,3
2835,59455.97,13604,3
2836,68292.46,17970,5
2837,30435.06,841,3
2838,122384.74,16198,4
2839,39110.76,1528,5
2840,96638.88,15160,3
2841,113010.36,4355,3
2842,134239.53,10402,5
2843,71288.36,18834,4
2844,109057.37,6388,5
2845,132068.6,9084,4
2846,85850.93,18723,5
2847,145270.93,10664,3
2848,135418.32,960,5
2849,30014.46,13594,4
2850,92097.37,636,5
2851,35255.94,178,3
2852,111062.28,16449,3
2853,147304.53,3673,4
2854,138432.79,5226,5
2855,135571.3,4659,3
2856,110835.13,15368,3
2857,74184.35,13976,5
2858,60513.2,1245,5
2859,81672.75,9686,3
2860,138967.96,17890,3
2861,41545.76,18143,3
2862,138456.63,14223,3
2863,116502.32,10842,3
2864,148103.98,19009,5
2865,42848.21,8064,3
2866,145742.67,6722,5
2867,31796.38,608,3
2868,134518.7,18960,4
2869,114799.75,14220,4
2870,74719.02,12357,3
2871,143732.41,10697,4
2872,58028.82,18916,5
2873,72506.7,6097,3
2874,35431.1,11287,5
2875,37845.54,17651,4
2876,125220.18,12990,5
2877,32260.06,9771,5
2878,138236.83,2245,5
2879,78257.61,12371,3
2880,97676.93,19315,5
2881,137771.94,13514,4
2882,41491.15,18297,3
2883,90462.37,1682,5
2884,84609.2,5238,4
2885,40569.14,19974,5
2886,137131.24,13949,5
2887,117494.54,13576,3
2888,36238.3,16096,3
2889,82502.79,14628,4
2890,87557.67,13631,3
2891,122712.57,13260,5
2892,138743.2,17189,4
2893,94286.77,5445,3
2894,51889.81,5670,5
2895,79324.18,1014,4
2896,75038.73,19450,4
2897,104697.82,2161,4
2898,47815.37,11169,4
2899,98669.32,2190,5
2900,113234.3,6977,3
2901,131634.85,13694,3
2902,100658.5,3778,5
2903,53155.57,12790,3
2904,137261.53,5351,3
2905,101588.05,15896,3
2906,93225.72,9332,3
2907,126545.1,12551,4
2908,99914.52,783,3
2909,100560.66,8832,5
2910,87471.51,7843,4
2911,61249.44,4933,4
2912,49573.14,8050,5
2913,142875.36,609,5
2914,42757.43,14806,5
2915,147890.83,14406,5
2916,77079.42,13437,3
2917,129006.91,8411,5
2918,35807.6,8344,5
2919,133019.06,19617,3
2920,67936.44,14947,4
2921,50946.5,14283,5
2922,145578.7,11927,3
2923,108072.44,8376,5
2924,126025.02,9919,5
2925,91216.23,11129,5
2926,148253.34,2774,3
2927,121763.76,10397,3
2928,71492.1,756,5
2929,84519.99,17535,4
2930,121013.96,5403,5
2931,97224.11,7860,4
2932,137232.76,12536,3
2933,83108.65,6800,3
2934,93690.58,5901,5
2935,97494.53,13245,5
2936,68325.81,3257,5
2937,96259.98,1495,4
2938,105934.5,5496,3
2939,87319.8,13,3
2940,103250.88,14206,3
2941,88645.67,817,5
2942,30619.88,10830,3
2943,75982.18,9724,3
2944,66083.68,2008,4
2945,44669.85,8428,4
2946,62570.85,14741,5
2947,120042.82,19107,5
2948,56065.48,6947,3
2949,48469.77,14226,4
2950,132452.82,2940,4
2951,138825.89,16892,5
2952,114250.52,4157,3
2953,93696.17,2793,4
2954,84240.01,10064,3
2955,98312.6,12446,5
2956,105178.61,15742,5
2957,145949.76,19985,4
2958,48113.67,19943,5
2959,45084.58,2853,4
2960,141614.73,8982,5
2961,105479.5,13906,4
2962,104068.1,7741,5
2963,70271.91,17242,3
2964,52469.48,12889,4
2965,119074.24,13137,5
2966,74484.8,10738,4
2967,72533.65,13631,4
2968,84736.45,5782,5
2969,31855.91,10204,4
2970,41978.04,5551,5
2971,46160.23,10541,4
2972,63814.09,6301,3
2973,61370.97,5064,5
2974,96611.68,10493,4
2975,44414.92,10884,3
2976,124317.19,2310,3
2977,114912.49,11416,5
2978,46090.92,18304,4
2979,76853.14,8825,5
2980,73134.79,7243,4
2981,101984.41,4901,5
2982,135029.6,5138,5
2983,132097.15,5299,5
2984,35151.2,13036,4
2985,109440.37,10544,4
2986,138556.89,8799,4
2987,55327.67,9353,4
2988,34774.36,11781,4
2989,76360.66,3096,5
2990,110981.46,504,4
2991,129135.71,11705,4
2992,73210.77,5498,5
2993,71208.54,16702,4
2994,30726.36,12636,3
2995,132330.01,11926,5
2996,59538.11,2854,3
2997,128150.81,19435,5
2998,62556.49,16933,5
2999,93173.32,9598,3
3000,118326.64,650,4
3001,104540.55,5589,4
3002,43103.48,8574,4
3003,51734.97,15244,4
3004,79398.55,1091,3
3005,129649.85,12299,3
3006,95673.93,2888,4
3007,53758.94,17563,4
3008,108616.56,1489,4
3009,139528.87,16115,3
3010,73917.98,5041,5
3011,35081.17,108,4
3012,60224.23,13512,5
3013,68768.97,5545,4
3014,98898.46,12510,3
3015,47638.19,18146,4
3016,65753.59,7583,5
3017,142589.43,19203,4
3018,43988.9,13366,5
3019,142072.84,15235,3
3020,88218.53,13808,3
3021,110221.3,9854,3
3022,148993.26,5786,5
